,ID,FIRST_NAME,LAST_NAME
0,1,Michael,P.
1,2,Shawn,M.
2,3,Kathleen,P.
3,4,Jimmy,C.
4,5,Katherine,R.
5,6,Sarah,R.
6,7,Martin,M.
7,8,Frank,R.
8,9,Jennifer,F.
9,10,Henry,W.
10,11,Fred,S.
11,12,Amy,D.
12,13,Kathleen,M.
13,14,Steve,F.
14,15,Teresa,H.
15,16,Amanda,H.
16,17,Kimberly,R.
17,18,Johnny,K.
18,19,Virginia,F.
19,20,Anna,A.
20,21,Willie,H.
21,22,Sean,H.
22,23,Mildred,A.
23,24,David,G.
24,25,Victor,H.
25,26,Aaron,R.
26,27,Benjamin,B.
27,28,Lisa,W.
28,29,Benjamin,K.
29,30,Christina,W.
30,31,Jane,G.
31,32,Thomas,O.
32,33,Katherine,M.
33,34,Jennifer,S.
34,35,Sara,T.
35,36,Harold,O.
36,37,Shirley,J.
37,38,Dennis,J.
38,39,Louise,W.
39,40,Maria,A.
40,41,Gloria,C.
41,42,Diana,S.
42,43,Kelly,N.
43,44,Jane,R.
44,45,Scott,B.
45,46,Norma,C.
46,47,Marie,P.
47,48,Lillian,C.
48,49,Judy,N.
49,50,Billy,L.
50,51,Howard,R.
51,52,Laura,F.
52,53,Anne,B.
53,54,Rose,M.
54,55,Nicholas,R.
55,56,Joshua,K.
56,57,Paul,W.
57,58,Kathryn,K.
58,59,Adam,A.
59,60,Norma,W.
60,61,Timothy,R.
61,62,Elizabeth,P.
62,63,Edward,G.
63,64,David,C.
64,65,Brenda,W.
65,66,Adam,W.
66,67,Michael,H.
67,68,Jesse,E.
68,69,Janet,P.
69,70,Helen,F.
70,71,Gerald,C.
71,72,Kathryn,O.
72,73,Alan,B.
73,74,Harry,A.
74,75,Andrea,H.
75,76,Barbara,W.
76,77,Anne,W.
77,78,Harry,H.
78,79,Jack,R.
79,80,Phillip,H.
80,81,Shirley,H.
81,82,Arthur,D.
82,83,Virginia,R.
83,84,Christina,R.
84,85,Theresa,M.
85,86,Jason,C.
86,87,Phillip,B.
87,88,Adam,T.
88,89,Margaret,J.
89,90,Paul,P.
90,91,Todd,W.
91,92,Willie,O.
92,93,Frances,R.
93,94,Gregory,H.
94,95,Lisa,P.
95,96,Jacqueline,A.
96,97,Shirley,D.
97,98,Nicole,M.
98,99,Mary,G.
99,100,Jean,M.
